"id";"name";"email";"city"
"__import__odoo_insider__.petersonamanda@example_net";"David Greene";"petersonamanda@example.net";"Vasquezfurt"
"__import__odoo_insider__.choward@example_net";"Shelby Mitchell";"choward@example.net";"Nunezborough"
"__import__odoo_insider__.monica88@example_org";"Raymond Moore";"monica88@example.org";"New Jessicabury"
"__import__odoo_insider__.brendadecker@example_com";"Kenneth Rogers";"brendadecker@example.com";"Whitneyfurt"
"__import__odoo_insider__.qcox@example_com";"Barbara Williams";"qcox@example.com";"Jaymouth"
"__import__odoo_insider__.fordrachel@example_net";"Mrs. Sheila Snow MD";"fordrachel@example.net";"West Jessicabury"
"__import__odoo_insider__.davidknox@example_com";"Taylor Davis";"davidknox@example.com";"Bakerton"
"__import__odoo_insider__.donald12@example_org";"Tanner Oneill";"donald12@example.org";"Andreatown"
"__import__odoo_insider__.ibrown@example_com";"Christopher Lawrence";"ibrown@example.com";"Shannonmouth"
"__import__odoo_insider__.reidphilip@example_com";"Kristin Aguirre";"reidphilip@example.com";"New Ryanchester"
"__import__odoo_insider__.opeterson@example_net";"Ross Lane";"opeterson@example.net";"Port Krystalfort"
"__import__odoo_insider__.tiffanycompton@example_org";"Johnny Lee";"tiffanycompton@example.org";"South Saratown"
"__import__odoo_insider__.victoria38@example_com";"Samantha Brown";"victoria38@example.com";"New Sean"
"__import__odoo_insider__.alexander86@example_net";"Robert Clark";"alexander86@example.net";"Meyerchester"
"__import__odoo_insider__.cadams@example_net";"Tracey Nguyen";"cadams@example.net";"Johnmouth"
"__import__odoo_insider__.robinbarton@example_com";"Joseph Medina";"robinbarton@example.com";"Davidmouth"
"__import__odoo_insider__.flynnnicholas@example_net";"Brandon Hamilton";"flynnnicholas@example.net";"West Josefort"
"__import__odoo_insider__.robersonnancy@example_com";"Brandon Russell";"robersonnancy@example.com";"Matthewton"
"__import__odoo_insider__.drowland@example_com";"Cheryl Shea";"drowland@example.com";"Mariaburgh"
"__import__odoo_insider__.aarongraham@example_org";"Justin Miles";"aarongraham@example.org";"Jonesmouth"
"__import__odoo_insider__.mcintyredominique@example_org";"Sarah Brewer";"mcintyredominique@example.org";"Angelaland"
"__import__odoo_insider__.whiteandrew@example_net";"Tammy Rogers";"whiteandrew@example.net";"South Amanda"
"__import__odoo_insider__.jessicasuarez@example_com";"Kimberly Williams";"jessicasuarez@example.com";"West Daniel"
"__import__odoo_insider__.kristi73@example_com";"Erika Robertson";"kristi73@example.com";"Myersborough"
"__import__odoo_insider__.nicolebarnes@example_net";"Frances Bailey";"nicolebarnes@example.net";"Elizabethland"
"__import__odoo_insider__.kevinglenn@example_com";"Christopher Doyle";"kevinglenn@example.com";"Allisonville"
"__import__odoo_insider__.wesley95@example_org";"Benjamin Phillips";"wesley95@example.org";"New Paulville"
"__import__odoo_insider__.rodriguezmaria@example_org";"Donna Lewis";"rodriguezmaria@example.org";"Jillborough"
"__import__odoo_insider__.scottmichael@example_com";"Adam Bryant";"scottmichael@example.com";"Smithland"
"__import__odoo_insider__.oliviabaker@example_org";"Dillon Hunter";"oliviabaker@example.org";"East Williamtown"
