"id";"partner_id/id";"client_order_ref"
"__import__odoo_insider__.ORD-1002";"__import__odoo_insider__.tiffanycompton@example_org";"ORD-1002"
"__import__odoo_insider__.ORD-1052";"__import__odoo_insider__.donald12@example_org";"ORD-1052"
"__import__odoo_insider__.ORD-1116";"__import__odoo_insider__.qcox@example_com";"ORD-1116"
"__import__odoo_insider__.ORD-1022";"__import__odoo_insider__.reidphilip@example_com";"ORD-1022"
"__import__odoo_insider__.ORD-1155";"__import__odoo_insider__.whiteandrew@example_net";"ORD-1155"
"__import__odoo_insider__.ORD-1141";"__import__odoo_insider__.drowland@example_com";"ORD-1141"
"__import__odoo_insider__.ORD-1139";"__import__odoo_insider__.opeterson@example_net";"ORD-1139"
"__import__odoo_insider__.ORD-1077";"__import__odoo_insider__.oliviabaker@example_org";"ORD-1077"
"__import__odoo_insider__.ORD-1170";"__import__odoo_insider__.cadams@example_net";"ORD-1170"
"__import__odoo_insider__.ORD-1136";"__import__odoo_insider__.aarongraham@example_org";"ORD-1136"
"__import__odoo_insider__.ORD-1178";"__import__odoo_insider__.wesley95@example_org";"ORD-1178"
"__import__odoo_insider__.ORD-1099";"__import__odoo_insider__.drowland@example_com";"ORD-1099"
"__import__odoo_insider__.ORD-1073";"__import__odoo_insider__.opeterson@example_net";"ORD-1073"
"__import__odoo_insider__.ORD-1111";"__import__odoo_insider__.reidphilip@example_com";"ORD-1111"
"__import__odoo_insider__.ORD-1042";"__import__odoo_insider__.tiffanycompton@example_org";"ORD-1042"
"__import__odoo_insider__.ORD-1152";"__import__odoo_insider__.monica88@example_org";"ORD-1152"
"__import__odoo_insider__.ORD-1083";"__import__odoo_insider__.kristi73@example_com";"ORD-1083"
"__import__odoo_insider__.ORD-1078";"__import__odoo_insider__.mcintyredominique@example_org";"ORD-1078"
"__import__odoo_insider__.ORD-1086";"__import__odoo_insider__.robersonnancy@example_com";"ORD-1086"
"__import__odoo_insider__.ORD-1150";"__import__odoo_insider__.monica88@example_org";"ORD-1150"
"__import__odoo_insider__.ORD-1137";"__import__odoo_insider__.monica88@example_org";"ORD-1137"
"__import__odoo_insider__.ORD-1189";"__import__odoo_insider__.mcintyredominique@example_org";"ORD-1189"
"__import__odoo_insider__.ORD-1099";"__import__odoo_insider__.nicolebarnes@example_net";"ORD-1099"
"__import__odoo_insider__.ORD-1021";"__import__odoo_insider__.rodriguezmaria@example_org";"ORD-1021"
"__import__odoo_insider__.ORD-1183";"__import__odoo_insider__.kristi73@example_com";"ORD-1183"
"__import__odoo_insider__.ORD-1078";"__import__odoo_insider__.robinbarton@example_com";"ORD-1078"
"__import__odoo_insider__.ORD-1167";"__import__odoo_insider__.reidphilip@example_com";"ORD-1167"
"__import__odoo_insider__.ORD-1163";"__import__odoo_insider__.whiteandrew@example_net";"ORD-1163"
"__import__odoo_insider__.ORD-1018";"__import__odoo_insider__.kevinglenn@example_com";"ORD-1018"
"__import__odoo_insider__.ORD-1012";"__import__odoo_insider__.brendadecker@example_com";"ORD-1012"
"__import__odoo_insider__.ORD-1158";"__import__odoo_insider__.davidknox@example_com";"ORD-1158"
"__import__odoo_insider__.ORD-1020";"__import__odoo_insider__.jessicasuarez@example_com";"ORD-1020"
"__import__odoo_insider__.ORD-1033";"__import__odoo_insider__.opeterson@example_net";"ORD-1033"
"__import__odoo_insider__.ORD-1194";"__import__odoo_insider__.qcox@example_com";"ORD-1194"
"__import__odoo_insider__.ORD-1120";"__import__odoo_insider__.jessicasuarez@example_com";"ORD-1120"
"__import__odoo_insider__.ORD-1044";"__import__odoo_insider__.kristi73@example_com";"ORD-1044"
"__import__odoo_insider__.ORD-1198";"__import__odoo_insider__.robersonnancy@example_com";"ORD-1198"
"__import__odoo_insider__.ORD-1153";"__import__odoo_insider__.robinbarton@example_com";"ORD-1153"
"__import__odoo_insider__.ORD-1082";"__import__odoo_insider__.flynnnicholas@example_net";"ORD-1082"
"__import__odoo_insider__.ORD-1123";"__import__odoo_insider__.victoria38@example_com";"ORD-1123"
"__import__odoo_insider__.ORD-1163";"__import__odoo_insider__.tiffanycompton@example_org";"ORD-1163"
"__import__odoo_insider__.ORD-1087";"__import__odoo_insider__.tiffanycompton@example_org";"ORD-1087"
"__import__odoo_insider__.ORD-1129";"__import__odoo_insider__.scottmichael@example_com";"ORD-1129"
"__import__odoo_insider__.ORD-1067";"__import__odoo_insider__.qcox@example_com";"ORD-1067"
"__import__odoo_insider__.ORD-1184";"__import__odoo_insider__.scottmichael@example_com";"ORD-1184"
"__import__odoo_insider__.ORD-1185";"__import__odoo_insider__.ibrown@example_com";"ORD-1185"
"__import__odoo_insider__.ORD-1114";"__import__odoo_insider__.flynnnicholas@example_net";"ORD-1114"
"__import__odoo_insider__.ORD-1063";"__import__odoo_insider__.choward@example_net";"ORD-1063"
"__import__odoo_insider__.ORD-1074";"__import__odoo_insider__.reidphilip@example_com";"ORD-1074"
"__import__odoo_insider__.ORD-1095";"__import__odoo_insider__.qcox@example_com";"ORD-1095"
"__import__odoo_insider__.ORD-1096";"__import__odoo_insider__.reidphilip@example_com";"ORD-1096"
"__import__odoo_insider__.ORD-1002";"__import__odoo_insider__.mcintyredominique@example_org";"ORD-1002"
"__import__odoo_insider__.ORD-1014";"__import__odoo_insider__.monica88@example_org";"ORD-1014"
"__import__odoo_insider__.ORD-1085";"__import__odoo_insider__.oliviabaker@example_org";"ORD-1085"
"__import__odoo_insider__.ORD-1160";"__import__odoo_insider__.ibrown@example_com";"ORD-1160"
"__import__odoo_insider__.ORD-1090";"__import__odoo_insider__.fordrachel@example_net";"ORD-1090"
"__import__odoo_insider__.ORD-1057";"__import__odoo_insider__.jessicasuarez@example_com";"ORD-1057"
"__import__odoo_insider__.ORD-1162";"__import__odoo_insider__.robersonnancy@example_com";"ORD-1162"
"__import__odoo_insider__.ORD-1070";"__import__odoo_insider__.robinbarton@example_com";"ORD-1070"
"__import__odoo_insider__.ORD-1122";"__import__odoo_insider__.flynnnicholas@example_net";"ORD-1122"
"__import__odoo_insider__.ORD-1171";"__import__odoo_insider__.oliviabaker@example_org";"ORD-1171"
"__import__odoo_insider__.ORD-1017";"__import__odoo_insider__.robersonnancy@example_com";"ORD-1017"
"__import__odoo_insider__.ORD-1095";"__import__odoo_insider__.fordrachel@example_net";"ORD-1095"
"__import__odoo_insider__.ORD-1013";"__import__odoo_insider__.wesley95@example_org";"ORD-1013"
"__import__odoo_insider__.ORD-1192";"__import__odoo_insider__.victoria38@example_com";"ORD-1192"
"__import__odoo_insider__.ORD-1057";"__import__odoo_insider__.donald12@example_org";"ORD-1057"
"__import__odoo_insider__.ORD-1104";"__import__odoo_insider__.flynnnicholas@example_net";"ORD-1104"
"__import__odoo_insider__.ORD-1116";"__import__odoo_insider__.victoria38@example_com";"ORD-1116"
"__import__odoo_insider__.ORD-1173";"__import__odoo_insider__.mcintyredominique@example_org";"ORD-1173"
"__import__odoo_insider__.ORD-1027";"__import__odoo_insider__.jessicasuarez@example_com";"ORD-1027"
"__import__odoo_insider__.ORD-1143";"__import__odoo_insider__.robinbarton@example_com";"ORD-1143"
"__import__odoo_insider__.ORD-1075";"__import__odoo_insider__.alexander86@example_net";"ORD-1075"
"__import__odoo_insider__.ORD-1009";"__import__odoo_insider__.reidphilip@example_com";"ORD-1009"
"__import__odoo_insider__.ORD-1032";"__import__odoo_insider__.cadams@example_net";"ORD-1032"
"__import__odoo_insider__.ORD-1000";"__import__odoo_insider__.alexander86@example_net";"ORD-1000"
"__import__odoo_insider__.ORD-1171";"__import__odoo_insider__.kristi73@example_com";"ORD-1171"
"__import__odoo_insider__.ORD-1045";"__import__odoo_insider__.mcintyredominique@example_org";"ORD-1045"
"__import__odoo_insider__.ORD-1101";"__import__odoo_insider__.rodriguezmaria@example_org";"ORD-1101"
"__import__odoo_insider__.ORD-1005";"__import__odoo_insider__.nicolebarnes@example_net";"ORD-1005"
"__import__odoo_insider__.ORD-1136";"__import__odoo_insider__.mcintyredominique@example_org";"ORD-1136"
"__import__odoo_insider__.ORD-1132";"__import__odoo_insider__.qcox@example_com";"ORD-1132"
"__import__odoo_insider__.ORD-1197";"__import__odoo_insider__.petersonamanda@example_net";"ORD-1197"
"__import__odoo_insider__.ORD-1059";"__import__odoo_insider__.davidknox@example_com";"ORD-1059"
"__import__odoo_insider__.ORD-1069";"__import__odoo_insider__.oliviabaker@example_org";"ORD-1069"
"__import__odoo_insider__.ORD-1032";"__import__odoo_insider__.tiffanycompton@example_org";"ORD-1032"
"__import__odoo_insider__.ORD-1086";"__import__odoo_insider__.qcox@example_com";"ORD-1086"
"__import__odoo_insider__.ORD-1116";"__import__odoo_insider__.monica88@example_org";"ORD-1116"
"__import__odoo_insider__.ORD-1030";"__import__odoo_insider__.whiteandrew@example_net";"ORD-1030"
"__import__odoo_insider__.ORD-1147";"__import__odoo_insider__.kristi73@example_com";"ORD-1147"
"__import__odoo_insider__.ORD-1107";"__import__odoo_insider__.davidknox@example_com";"ORD-1107"
"__import__odoo_insider__.ORD-1051";"__import__odoo_insider__.reidphilip@example_com";"ORD-1051"
"__import__odoo_insider__.ORD-1005";"__import__odoo_insider__.ibrown@example_com";"ORD-1005"
"__import__odoo_insider__.ORD-1026";"__import__odoo_insider__.drowland@example_com";"ORD-1026"
"__import__odoo_insider__.ORD-1021";"__import__odoo_insider__.robinbarton@example_com";"ORD-1021"
"__import__odoo_insider__.ORD-1103";"__import__odoo_insider__.robersonnancy@example_com";"ORD-1103"
"__import__odoo_insider__.ORD-1046";"__import__odoo_insider__.monica88@example_org";"ORD-1046"
"__import__odoo_insider__.ORD-1124";"__import__odoo_insider__.robinbarton@example_com";"ORD-1124"
"__import__odoo_insider__.ORD-1192";"__import__odoo_insider__.drowland@example_com";"ORD-1192"
"__import__odoo_insider__.ORD-1040";"__import__odoo_insider__.qcox@example_com";"ORD-1040"
"__import__odoo_insider__.ORD-1116";"__import__odoo_insider__.fordrachel@example_net";"ORD-1116"
"__import__odoo_insider__.ORD-1128";"__import__odoo_insider__.flynnnicholas@example_net";"ORD-1128"
"__import__odoo_insider__.ORD-1128";"__import__odoo_insider__.kevinglenn@example_com";"ORD-1128"
"__import__odoo_insider__.ORD-1011";"__import__odoo_insider__.davidknox@example_com";"ORD-1011"
"__import__odoo_insider__.ORD-1018";"__import__odoo_insider__.drowland@example_com";"ORD-1018"
"__import__odoo_insider__.ORD-1145";"__import__odoo_insider__.robinbarton@example_com";"ORD-1145"
"__import__odoo_insider__.ORD-1154";"__import__odoo_insider__.robinbarton@example_com";"ORD-1154"
"__import__odoo_insider__.ORD-1142";"__import__odoo_insider__.mcintyredominique@example_org";"ORD-1142"
"__import__odoo_insider__.ORD-1170";"__import__odoo_insider__.mcintyredominique@example_org";"ORD-1170"
"__import__odoo_insider__.ORD-1031";"__import__odoo_insider__.choward@example_net";"ORD-1031"
"__import__odoo_insider__.ORD-1041";"__import__odoo_insider__.donald12@example_org";"ORD-1041"
"__import__odoo_insider__.ORD-1103";"__import__odoo_insider__.drowland@example_com";"ORD-1103"
"__import__odoo_insider__.ORD-1080";"__import__odoo_insider__.kevinglenn@example_com";"ORD-1080"
"__import__odoo_insider__.ORD-1041";"__import__odoo_insider__.robersonnancy@example_com";"ORD-1041"
"__import__odoo_insider__.ORD-1109";"__import__odoo_insider__.fordrachel@example_net";"ORD-1109"
"__import__odoo_insider__.ORD-1013";"__import__odoo_insider__.flynnnicholas@example_net";"ORD-1013"
"__import__odoo_insider__.ORD-1114";"__import__odoo_insider__.alexander86@example_net";"ORD-1114"
"__import__odoo_insider__.ORD-1107";"__import__odoo_insider__.robinbarton@example_com";"ORD-1107"
"__import__odoo_insider__.ORD-1110";"__import__odoo_insider__.aarongraham@example_org";"ORD-1110"
"__import__odoo_insider__.ORD-1127";"__import__odoo_insider__.kevinglenn@example_com";"ORD-1127"
"__import__odoo_insider__.ORD-1080";"__import__odoo_insider__.robersonnancy@example_com";"ORD-1080"
"__import__odoo_insider__.ORD-1062";"__import__odoo_insider__.whiteandrew@example_net";"ORD-1062"
"__import__odoo_insider__.ORD-1032";"__import__odoo_insider__.drowland@example_com";"ORD-1032"
"__import__odoo_insider__.ORD-1195";"__import__odoo_insider__.whiteandrew@example_net";"ORD-1195"
"__import__odoo_insider__.ORD-1128";"__import__odoo_insider__.rodriguezmaria@example_org";"ORD-1128"
"__import__odoo_insider__.ORD-1090";"__import__odoo_insider__.scottmichael@example_com";"ORD-1090"
"__import__odoo_insider__.ORD-1101";"__import__odoo_insider__.aarongraham@example_org";"ORD-1101"
"__import__odoo_insider__.ORD-1060";"__import__odoo_insider__.kevinglenn@example_com";"ORD-1060"
"__import__odoo_insider__.ORD-1013";"__import__odoo_insider__.ibrown@example_com";"ORD-1013"
"__import__odoo_insider__.ORD-1048";"__import__odoo_insider__.wesley95@example_org";"ORD-1048"
"__import__odoo_insider__.ORD-1034";"__import__odoo_insider__.rodriguezmaria@example_org";"ORD-1034"
"__import__odoo_insider__.ORD-1128";"__import__odoo_insider__.davidknox@example_com";"ORD-1128"
"__import__odoo_insider__.ORD-1015";"__import__odoo_insider__.whiteandrew@example_net";"ORD-1015"
"__import__odoo_insider__.ORD-1087";"__import__odoo_insider__.qcox@example_com";"ORD-1087"
"__import__odoo_insider__.ORD-1022";"__import__odoo_insider__.jessicasuarez@example_com";"ORD-1022"
"__import__odoo_insider__.ORD-1003";"__import__odoo_insider__.donald12@example_org";"ORD-1003"
"__import__odoo_insider__.ORD-1110";"__import__odoo_insider__.wesley95@example_org";"ORD-1110"
"__import__odoo_insider__.ORD-1180";"__import__odoo_insider__.robinbarton@example_com";"ORD-1180"
"__import__odoo_insider__.ORD-1175";"__import__odoo_insider__.drowland@example_com";"ORD-1175"
"__import__odoo_insider__.ORD-1143";"__import__odoo_insider__.monica88@example_org";"ORD-1143"
"__import__odoo_insider__.ORD-1193";"__import__odoo_insider__.whiteandrew@example_net";"ORD-1193"
"__import__odoo_insider__.ORD-1022";"__import__odoo_insider__.donald12@example_org";"ORD-1022"
"__import__odoo_insider__.ORD-1126";"__import__odoo_insider__.robinbarton@example_com";"ORD-1126"
"__import__odoo_insider__.ORD-1009";"__import__odoo_insider__.monica88@example_org";"ORD-1009"
"__import__odoo_insider__.ORD-1115";"__import__odoo_insider__.kristi73@example_com";"ORD-1115"
"__import__odoo_insider__.ORD-1091";"__import__odoo_insider__.victoria38@example_com";"ORD-1091"
"__import__odoo_insider__.ORD-1068";"__import__odoo_insider__.wesley95@example_org";"ORD-1068"
"__import__odoo_insider__.ORD-1117";"__import__odoo_insider__.ibrown@example_com";"ORD-1117"
"__import__odoo_insider__.ORD-1112";"__import__odoo_insider__.wesley95@example_org";"ORD-1112"
"__import__odoo_insider__.ORD-1094";"__import__odoo_insider__.davidknox@example_com";"ORD-1094"
"__import__odoo_insider__.ORD-1162";"__import__odoo_insider__.oliviabaker@example_org";"ORD-1162"
"__import__odoo_insider__.ORD-1101";"__import__odoo_insider__.donald12@example_org";"ORD-1101"
"__import__odoo_insider__.ORD-1015";"__import__odoo_insider__.jessicasuarez@example_com";"ORD-1015"
"__import__odoo_insider__.ORD-1118";"__import__odoo_insider__.aarongraham@example_org";"ORD-1118"
"__import__odoo_insider__.ORD-1181";"__import__odoo_insider__.davidknox@example_com";"ORD-1181"
"__import__odoo_insider__.ORD-1034";"__import__odoo_insider__.robinbarton@example_com";"ORD-1034"
"__import__odoo_insider__.ORD-1196";"__import__odoo_insider__.whiteandrew@example_net";"ORD-1196"
"__import__odoo_insider__.ORD-1130";"__import__odoo_insider__.ibrown@example_com";"ORD-1130"
"__import__odoo_insider__.ORD-1187";"__import__odoo_insider__.monica88@example_org";"ORD-1187"
"__import__odoo_insider__.ORD-1137";"__import__odoo_insider__.petersonamanda@example_net";"ORD-1137"
"__import__odoo_insider__.ORD-1008";"__import__odoo_insider__.kristi73@example_com";"ORD-1008"
"__import__odoo_insider__.ORD-1179";"__import__odoo_insider__.scottmichael@example_com";"ORD-1179"
"__import__odoo_insider__.ORD-1123";"__import__odoo_insider__.opeterson@example_net";"ORD-1123"
"__import__odoo_insider__.ORD-1131";"__import__odoo_insider__.oliviabaker@example_org";"ORD-1131"
"__import__odoo_insider__.ORD-1085";"__import__odoo_insider__.robinbarton@example_com";"ORD-1085"
"__import__odoo_insider__.ORD-1106";"__import__odoo_insider__.monica88@example_org";"ORD-1106"
"__import__odoo_insider__.ORD-1120";"__import__odoo_insider__.drowland@example_com";"ORD-1120"
"__import__odoo_insider__.ORD-1120";"__import__odoo_insider__.aarongraham@example_org";"ORD-1120"
"__import__odoo_insider__.ORD-1133";"__import__odoo_insider__.tiffanycompton@example_org";"ORD-1133"
"__import__odoo_insider__.ORD-1031";"__import__odoo_insider__.robersonnancy@example_com";"ORD-1031"
"__import__odoo_insider__.ORD-1184";"__import__odoo_insider__.choward@example_net";"ORD-1184"
"__import__odoo_insider__.ORD-1134";"__import__odoo_insider__.wesley95@example_org";"ORD-1134"
"__import__odoo_insider__.ORD-1153";"__import__odoo_insider__.cadams@example_net";"ORD-1153"
"__import__odoo_insider__.ORD-1004";"__import__odoo_insider__.victoria38@example_com";"ORD-1004"
"__import__odoo_insider__.ORD-1146";"__import__odoo_insider__.ibrown@example_com";"ORD-1146"
"__import__odoo_insider__.ORD-1124";"__import__odoo_insider__.qcox@example_com";"ORD-1124"
"__import__odoo_insider__.ORD-1036";"__import__odoo_insider__.robinbarton@example_com";"ORD-1036"
"__import__odoo_insider__.ORD-1067";"__import__odoo_insider__.brendadecker@example_com";"ORD-1067"
"__import__odoo_insider__.ORD-1189";"__import__odoo_insider__.kevinglenn@example_com";"ORD-1189"
"__import__odoo_insider__.ORD-1146";"__import__odoo_insider__.reidphilip@example_com";"ORD-1146"
"__import__odoo_insider__.ORD-1046";"__import__odoo_insider__.kevinglenn@example_com";"ORD-1046"
"__import__odoo_insider__.ORD-1065";"__import__odoo_insider__.choward@example_net";"ORD-1065"
"__import__odoo_insider__.ORD-1137";"__import__odoo_insider__.drowland@example_com";"ORD-1137"
"__import__odoo_insider__.ORD-1089";"__import__odoo_insider__.robersonnancy@example_com";"ORD-1089"
"__import__odoo_insider__.ORD-1099";"__import__odoo_insider__.ibrown@example_com";"ORD-1099"
"__import__odoo_insider__.ORD-1050";"__import__odoo_insider__.qcox@example_com";"ORD-1050"
"__import__odoo_insider__.ORD-1160";"__import__odoo_insider__.aarongraham@example_org";"ORD-1160"
"__import__odoo_insider__.ORD-1171";"__import__odoo_insider__.petersonamanda@example_net";"ORD-1171"
"__import__odoo_insider__.ORD-1005";"__import__odoo_insider__.flynnnicholas@example_net";"ORD-1005"
"__import__odoo_insider__.ORD-1023";"__import__odoo_insider__.flynnnicholas@example_net";"ORD-1023"
"__import__odoo_insider__.ORD-1124";"__import__odoo_insider__.fordrachel@example_net";"ORD-1124"
"__import__odoo_insider__.ORD-1021";"__import__odoo_insider__.oliviabaker@example_org";"ORD-1021"
"__import__odoo_insider__.ORD-1013";"__import__odoo_insider__.brendadecker@example_com";"ORD-1013"
"__import__odoo_insider__.ORD-1177";"__import__odoo_insider__.whiteandrew@example_net";"ORD-1177"
"__import__odoo_insider__.ORD-1141";"__import__odoo_insider__.monica88@example_org";"ORD-1141"
"__import__odoo_insider__.ORD-1027";"__import__odoo_insider__.petersonamanda@example_net";"ORD-1027"
"__import__odoo_insider__.ORD-1147";"__import__odoo_insider__.donald12@example_org";"ORD-1147"
